{
	"info": {
		"_postman_id": "12e1d4c6-9c43-4573-98d3-6497f9f6e247",
		"name": "Perceptron",
		"schema": "https://schema.getpostman.com/json/collection/v2.1.0/collection.json"
	},
	"item": [
		{
			"name": "Post",
			"item": [
				{
					"name": "Todos los Posts",
					"request": {
						"method": "GET",
						"header": [],
						"body": {
							"mode": "raw",
							"raw": ""
						},
						"url": {
							"raw": "http://localhost:3000/posts",
							"protocol": "http",
							"host": [
								"localhost"
							],
							"port": "3000",
							"path": [
								"posts"
							]
						}
					},
					"response": []
				},
				{
					"name": "Crear Post",
					"request": {
						"method": "POST",
						"header": [
							{
								"key": "Content-Type",
								"name": "Content-Type",
								"value": "application/json",
								"type": "text"
							}
						],
						"body": {
							"mode": "raw",
							"raw": "{\n\t\"Post_Title\": \"Saludo\",\n\t\"Post_Content\": \"Hola Mundo\",\n\t\"organization_id\": 2\n}"
						},
						"url": {
							"raw": "http://localhost:3000/posts",
							"protocol": "http",
							"host": [
								"localhost"
							],
							"port": "3000",
							"path": [
								"posts"
							]
						}
					},
					"response": []
				},
				{
					"name": "Buscar un Post",
					"protocolProfileBehavior": {
						"disableBodyPruning": true
					},
					"request": {
						"method": "GET",
						"header": [
							{
								"key": "Content-Type",
								"name": "Content-Type",
								"value": "application/json",
								"type": "text"
							}
						],
						"body": {
							"mode": "raw",
							"raw": ""
						},
						"url": {
							"raw": "http://localhost:3000/posts/1",
							"protocol": "http",
							"host": [
								"localhost"
							],
							"port": "3000",
							"path": [
								"posts",
								"1"
							]
						}
					},
					"response": []
				},
				{
					"name": "Editar Post",
					"request": {
						"method": "PUT",
						"header": [
							{
								"key": "Content-Type",
								"name": "Content-Type",
								"value": "application/json",
								"type": "text"
							}
						],
						"body": {
							"mode": "raw",
							"raw": "{\n    \"id\": 102,\n    \"Post_Title\": \"saludo de programacion\",\n    \"Post_Content\": \"hola mundo\",\n    \"organization_id\": 1\n}"
						},
						"url": {
							"raw": "http://localhost:3000/posts/102",
							"protocol": "http",
							"host": [
								"localhost"
							],
							"port": "3000",
							"path": [
								"posts",
								"102"
							]
						}
					},
					"response": []
				},
				{
					"name": "Eliminar Post",
					"request": {
						"method": "DELETE",
						"header": [
							{
								"key": "Content-Type",
								"name": "Content-Type",
								"value": "application/json",
								"type": "text"
							}
						],
						"body": {
							"mode": "raw",
							"raw": "{\n    \"id\": 103,\n    \"Post_Title\": \"saludo de programacion\",\n    \"Post_Content\": \"hola mundo\",\n    \"organization_id\": 2\n}"
						},
						"url": {
							"raw": "http://localhost:3000/posts/103",
							"protocol": "http",
							"host": [
								"localhost"
							],
							"port": "3000",
							"path": [
								"posts",
								"103"
							]
						}
					},
					"response": []
				}
			]
		},
		{
			"name": "Organization",
			"item": [
				{
					"name": "Todas la organizaciones",
					"request": {
						"method": "GET",
						"header": [],
						"body": {
							"mode": "raw",
							"raw": ""
						},
						"url": {
							"raw": "http://localhost:3000/organizations",
							"protocol": "http",
							"host": [
								"localhost"
							],
							"port": "3000",
							"path": [
								"organizations"
							]
						}
					},
					"response": []
				},
				{
					"name": "Crear Organization",
					"request": {
						"method": "POST",
						"header": [
							{
								"key": "Content-Type",
								"name": "Content-Type",
								"value": "application/json",
								"type": "text"
							}
						],
						"body": {
							"mode": "raw",
							"raw": "{\n    \"Organization_Name\": \"Esta es una organizacion\",\n    \"Organization_Address\": \"20538 Quigley Valley, Silviahaven, NE 40958-4356\",\n    \"Organization_Phone\": \"(390) 593-9300\",\n    \"Organization_Email\": \"octavio@yahoo.com\",\n    \"Organization_Website\": \"http://pouros.org/micki_homenick\",\n    \"Organization_Description\": \"illo\"\n}"
						},
						"url": {
							"raw": "http://localhost:3000/organizations",
							"protocol": "http",
							"host": [
								"localhost"
							],
							"port": "3000",
							"path": [
								"organizations"
							]
						}
					},
					"response": []
				},
				{
					"name": "Buscar una Organization",
					"request": {
						"method": "GET",
						"header": [],
						"body": {
							"mode": "raw",
							"raw": ""
						},
						"url": {
							"raw": "http://localhost:3000/organizations/1",
							"protocol": "http",
							"host": [
								"localhost"
							],
							"port": "3000",
							"path": [
								"organizations",
								"1"
							]
						}
					},
					"response": []
				},
				{
					"name": "Editar Organization",
					"request": {
						"method": "PUT",
						"header": [
							{
								"key": "Content-Type",
								"name": "Content-Type",
								"value": "application/json",
								"type": "text"
							}
						],
						"body": {
							"mode": "raw",
							"raw": "{\n    \"Organization_Name\": \"Esta es una organizacion\",\n    \"Organization_Address\": \"20538 Quigley Valley, Silviahaven, NE 40958-4356\",\n    \"Organization_Phone\": \"(390) 593-9300\",\n    \"Organization_Email\": \"octavio@yahoo.com\",\n    \"Organization_Website\": \"http://pouros.org/micki_homenick\",\n    \"Organization_Description\": \"Hacemos muchas cosas\"\n}"
						},
						"url": {
							"raw": "http://localhost:3000/organizations/101",
							"protocol": "http",
							"host": [
								"localhost"
							],
							"port": "3000",
							"path": [
								"organizations",
								"101"
							]
						}
					},
					"response": []
				},
				{
					"name": "Eliminar Organization",
					"request": {
						"method": "DELETE",
						"header": [],
						"body": {
							"mode": "raw",
							"raw": ""
						},
						"url": {
							"raw": "http://localhost:3000/organizations/1",
							"protocol": "http",
							"host": [
								"localhost"
							],
							"port": "3000",
							"path": [
								"organizations",
								"1"
							]
						}
					},
					"response": []
				}
			]
		},
		{
			"name": "User",
			"item": [
				{
					"name": "Todos los Users",
					"request": {
						"method": "GET",
						"header": [],
						"body": {
							"mode": "raw",
							"raw": ""
						},
						"url": {
							"raw": "http://localhost:3000/users",
							"protocol": "http",
							"host": [
								"localhost"
							],
							"port": "3000",
							"path": [
								"users"
							]
						}
					},
					"response": []
				},
				{
					"name": "Crear User",
					"request": {
						"method": "POST",
						"header": [
							{
								"key": "Content-Type",
								"name": "Content-Type",
								"value": "application/json",
								"type": "text"
							}
						],
						"body": {
							"mode": "raw",
							"raw": "{\n\t\"User_Name\": \"Cristian\",\n\t\"User_Email\": \"hola@mundo\",\n\t\"User_Phone\": \"13133133\",\n\t\"User_City\": \"Magangue\"\n}"
						},
						"url": {
							"raw": "http://localhost:3000/users",
							"protocol": "http",
							"host": [
								"localhost"
							],
							"port": "3000",
							"path": [
								"users"
							]
						}
					},
					"response": []
				},
				{
					"name": "Buscar un User",
					"request": {
						"method": "GET",
						"header": [],
						"body": {
							"mode": "raw",
							"raw": ""
						},
						"url": {
							"raw": "http://localhost:3000/users/1",
							"protocol": "http",
							"host": [
								"localhost"
							],
							"port": "3000",
							"path": [
								"users",
								"1"
							]
						}
					},
					"response": []
				},
				{
					"name": "Editar User",
					"request": {
						"method": "PUT",
						"header": [
							{
								"key": "Content-Type",
								"name": "Content-Type",
								"value": "application/json",
								"type": "text"
							}
						],
						"body": {
							"mode": "raw",
							"raw": "{\n\t\"User_Name\": \"Cristian\",\n\t\"User_Phone\": \"13133133\",\n\t\"User_City\": \"Bogóta\"\n}"
						},
						"url": {
							"raw": "http://localhost:3000/users/1",
							"protocol": "http",
							"host": [
								"localhost"
							],
							"port": "3000",
							"path": [
								"users",
								"1"
							]
						}
					},
					"response": []
				},
				{
					"name": "Eliminar User",
					"request": {
						"method": "DELETE",
						"header": [],
						"body": {
							"mode": "raw",
							"raw": ""
						},
						"url": {
							"raw": "http://localhost:3000/users/100",
							"protocol": "http",
							"host": [
								"localhost"
							],
							"port": "3000",
							"path": [
								"users",
								"100"
							]
						}
					},
					"response": []
				}
			]
		},
		{
			"name": "Pet",
			"item": [
				{
					"name": "Todos los Pets",
					"request": {
						"method": "GET",
						"header": [],
						"body": {
							"mode": "raw",
							"raw": ""
						},
						"url": {
							"raw": "http://localhost:3000/pets",
							"protocol": "http",
							"host": [
								"localhost"
							],
							"port": "3000",
							"path": [
								"pets"
							]
						}
					},
					"response": []
				},
				{
					"name": "Crear un Pet",
					"request": {
						"method": "POST",
						"header": [
							{
								"key": "Content-Type",
								"name": "Content-Type",
								"value": "application/json",
								"type": "text"
							}
						],
						"body": {
							"mode": "raw",
							"raw": "{\n    \"Pet_Type\": \"1\",\n    \"Pet_Name\": \"Nina\",\n    \"Pet_Gender\": \"Female\",\n    \"Pet_Age\": 59,\n    \"Pet_Size\": \"extra large\",\n    \"Pet_Sterilized\": false,\n    \"Pet_Vaccinated\": true,\n    \"Pet_Description\": \"smolpu pperino\",\n    \"Pet_Adopted\": true\n}"
						},
						"url": {
							"raw": "http://localhost:3000/pets",
							"protocol": "http",
							"host": [
								"localhost"
							],
							"port": "3000",
							"path": [
								"pets"
							]
						}
					},
					"response": []
				},
				{
					"name": "Buscar un Pet",
					"request": {
						"method": "GET",
						"header": [],
						"body": {
							"mode": "raw",
							"raw": ""
						},
						"url": {
							"raw": "http://localhost:3000/pets/1",
							"protocol": "http",
							"host": [
								"localhost"
							],
							"port": "3000",
							"path": [
								"pets",
								"1"
							]
						}
					},
					"response": []
				},
				{
					"name": "Editar User",
					"request": {
						"method": "PUT",
						"header": [
							{
								"key": "Content-Type",
								"name": "Content-Type",
								"value": "application/json",
								"type": "text"
							}
						],
						"body": {
							"mode": "raw",
							"raw": "    {\n        \"Pet_Type\": \"1\",\n        \"Pet_Name\": \"Nina\",\n        \"Pet_Gender\": \"Female\",\n        \"Pet_Age\": 3,\n        \"Pet_Size\": \"extra large\",\n        \"Pet_Sterilized\": false,\n        \"Pet_Vaccinated\": true,\n        \"Pet_Description\": \"smolpu pperino\",\n        \"Pet_Adopted\": true\n    }"
						},
						"url": {
							"raw": "http://localhost:3000/pets/101",
							"protocol": "http",
							"host": [
								"localhost"
							],
							"port": "3000",
							"path": [
								"pets",
								"101"
							]
						}
					},
					"response": []
				},
				{
					"name": "Eliminar Pet",
					"request": {
						"method": "DELETE",
						"header": [],
						"body": {
							"mode": "raw",
							"raw": ""
						},
						"url": {
							"raw": "http://localhost:3000/pets/1",
							"protocol": "http",
							"host": [
								"localhost"
							],
							"port": "3000",
							"path": [
								"pets",
								"1"
							]
						}
					},
					"response": []
				}
			]
		}
	]
}